{
  "version": "0.0.158",
  "steps": [
    {
      "stepType": "CreateModel",
      "name": "Banner",
      "embedded": false
    },
    {
      "stepType": "CreateField",
      "model": "Banner",
      "name": "id",
      "type": {
        "Base": "String"
      },
      "arity": "required",
      "isUnique": true,
      "id": {
        "strategy": "Auto",
        "sequence": null
      },
      "default": {
        "Expression": [
          "cuid",
          "String",
          []
        ]
      }
    },
    {
      "stepType": "CreateField",
      "model": "Banner",
      "name": "url",
      "type": {
        "Base": "String"
      },
      "arity": "required",
      "isUnique": false
    },
    {
      "stepType": "CreateField",
      "model": "Banner",
      "name": "imgUrl",
      "type": {
        "Base": "String"
      },
      "arity": "required",
      "isUnique": false
    }
  ]
}